2 Cat.;4 Cat.;6 Cat.;8 Cat.;10 Cat.;15 Cat.;25 Cat.
0.494020100502513;2.39552763819095;6.13286432160804;10.251256281407;14.8926633165829;33.9010552763819;105.785728643216
0.48964824120603;2.47959798994975;5.11839195979899;10.9442713567839;17.5693969849246;35.6743216080402;112.049045226131
0.49643216080402;2.99452261306533;6.11050251256281;11.3888944723618;16.1921608040201;40.9238190954774;96.035175879397
0.500050251256281;2.61100502512563;5.97341708542714;8.23673366834171;16.5459296482412;34.5543216080402;103.617286432161
0.47356783919598;2.8429648241206;5.80698492462312;10.6893969849246;16.6146231155779;33.8278894472362;109.430703517588
0.475929648241206;2.54628140703518;5.32015075376884;11.1143216080402;15.9886934673367;38.0854271356784;100.738894472362
0.502060301507538;2.32040201005025;6.01763819095477;9.47613065326633;15.9677889447236;35.7241708542714;91.2763819095477
0.460251256281407;2.53623115577889;5.94527638190955;10.558743718593;18.710351758794;36.176432160804;98.9768341708543
0.498442211055276;2.5686432160804;6.2705527638191;9.93844221105528;18.8540703517588;35.4592462311558;90.2560804020101
0.492663316582915;2.73321608040201;6.21060301507538;13.4085929648241;18.4168844221106;38.588743718593;106.50648241206
0.475929648241206;2.38949748743719;6.48638190954774;8.97507537688442;15.6856281407035;35.2341206030151;100.992914572864
0.487989949748744;2.331608040201;5.60623115577889;9.321608040201;16.3533165829146;34.9121105527638;108.79351758794
0.482412060301508;2.38613065326633;5.48738693467337;11.2349246231156;16.9040703517588;38.7738693467337;100.100050251256
0.444422110552764;2.65708542713568;5.90070351758794;10.0682914572864;15.8190954773869;36.5788442211055;102.572060301508
0.492663316582915;2.46412060301508;5.90708542713568;10.3750753768844;17.6984422110553;28.7579899497487;112.374673366834
0.48035175879397;2.94753768844221;6.03814070351759;10.733216080402;17.5348743718593;36.9027135678392;85.9191457286432
0.491206030150754;2.34969849246231;5.99778894472362;11.1593467336683;15.4749246231156;33.5766331658291;100.204572864322
0.48964824120603;2.40557788944724;5.52356783919598;9.79653266331658;15.9268341708543;38.2791959798995;101.320150753769
0.47356783919598;2.55195979899497;5.26226130653266;11.4512060301508;15.9070854271357;39.0709045226131;115.233718592965
0.47356783919598;2.22793969849246;5.71733668341709;8.07718592964824;13.2751256281407;37.2621105527638;118.203819095477
0.484371859296482;2.17964824120603;5.15934673366834;12.1817085427136;18.0602512562814;37.6731658291457;123.835979899497
0.482412060301508;2.36361809045226;6.45849246231156;10.5141206030151;17.6530653266332;43.7141206030151;97.3063316582915
0.454221105527638;2.54391959798995;6.04618090452261;9.92482412060301;14.2632663316583;38.6420100502513;118.883165829146
0.49748743718593;2.69221105527638;5.19472361809045;10.6393969849246;16.2009547738693;35.5929648241206;92.7295979899498
0.502060301507538;2.50407035175879;5.72819095477387;10.7324120603015;18.498040201005;33.9398994974874;90.3364824120603
0.501256281407035;2.72236180904523;6.39070351758794;10.9864824120603;17.5492964824121;31.8379396984925;102.547738693467
0.48035175879397;2.4972864321608;5.93587939698492;9.34170854271357;14.3065326633166;31.6381909547739;104.79391959799
0.478190954773869;2.69165829145729;5.09301507537688;11.0692964824121;17.4221105527638;33.7474874371859;107.571407035176
0.422110552763819;2.34190954773869;6.43035175879397;11.3043216080402;16.5004522613065;35.2377386934673;100.038944723618
0.48035175879397;2.35497487437186;5.69040201005025;10.9626130653266;19.065527638191;34.7706532663317;104.307085427136
0.475929648241206;2.41185929648241;6.52256281407035;10.8693467336683;16.2412060301508;36.3907035175879;113.137236180905
0.486231155778894;2.64195979899498;5.62768844221106;10.9334170854271;19.2681407035176;40.0904020100502;112.673567839196
0.48035175879397;2.46185929648241;6.98688442211055;10.2298994974874;14.9861306532663;36.1595477386935;89.9398994974874
0.49748743718593;2.10407035175879;5.50673366834171;9.52341708542714;16.6065829145729;36.1750753768844;108.611809045226
0.492663316582915;2.31155778894472;5.70608040201005;11.3117587939698;17.7909045226131;37.8974371859296;110.385477386935
0.47356783919598;2.72557788944724;6.27130653266332;9.77763819095477;14.7054773869347;36.2065829145729;103.56175879397
0.400753768844221;2.21984924623116;4.9535175879397;10.5075376884422;19.281959798995;34.4497989949749;107.551306532663
0.454221105527638;2.20698492462312;6.63316582914573;9.65708542713568;16.9060804020101;34.3758291457286;92.8920100502513
0.48964824120603;2.53587939698492;6.34045226130653;11.0454271356784;16.6869849246231;39.0150753768844;104.541909547739
0.48964824120603;2.63110552763819;5.83673366834171;10.574824120603;16.5529648241206;38.5929648241206;101.352311557789
0.492663316582915;2.02165829145729;6.08195979899497;10.894472361809;17.9637688442211;33.5678391959799;97.7072864321608
0.47356783919598;2.3605527638191;6.32663316582915;11.7977386934673;15.035175879397;33.7989447236181;124.040201005025
0.465879396984925;2.54145728643216;5.26507537688442;10.3754271356784;16.893216080402;35.8882412060302;91.4192964824121
0.48035175879397;2.48663316582915;6.16502512562814;8.19653266331658;16.8039698492462;33.2414070351759;101.571809045226
0.486231155778894;2.57286432160804;5.89824120603015;10.2962814070352;15.9177889447236;37.4213065326633;107.678190954774
0.49929648241206;2.36763819095477;5.97984924623116;9.8329648241206;17.4327135678392;33.5432663316583;105.756331658291
0.482412060301508;3.03015075376884;6.12582914572864;10.6484422110553;15.5633668341709;36.9241708542714;102.672110552764
0.475929648241206;2.12859296482412;5.85321608040201;11.2530653266332;17.6984422110553;35.9452763819096;102.238994974874
0.484371859296482;2.38472361809045;6.03371859296482;10.9475376884422;19.0502512562814;34.6273366834171;86.8429648241206
0.494020100502513;2.78914572864322;6.67557788944724;10.9837185929648;17.7687939698492;41.8691457286432;104.546281407035
0.48035175879397;2.40482412060302;5.9278391959799;12.3374874371859;14.9780904522613;35.3153266331658;90.6130653266332
0.48964824120603;2.60984924623116;5.35231155778895;10.7726130653266;16.5084924623116;32.4170854271357;96.7513065326633
0.478190954773869;2.6970351758794;5.55371859296482;10.5276381909548;16.7927638190955;36.3897487437186;106.179648241206
0.487989949748744;2.44402010050251;5.70130653266332;9.62608040201005;15.5738190954774;39.8990452261307;97.5579899497487
0.454221105527638;2.42713567839196;5.04316582914573;9.42633165829146;18.2833668341709;32.5647738693467;110.731608040201
0.478190954773869;2.2672864321608;6.16839195979899;9.09326633165829;14.2922613065327;40.2849748743719;104.239145728643
0.502060301507538;1.8956783919598;5.14969849246231;9.52040201005025;19.5115075376884;39.1846733668342;112.682964824121
0.444422110552764;2.56437185929648;6.90070351758794;10.504472361809;15.219648241206;35.4246733668342;98.9808542713568
0.494020100502513;2.64824120603015;5.94768844221106;9.45603015075377;15.1657788944724;38.3553266331658;104.321608040201
0.475929648241206;2.16261306532663;5.35698492462312;11.1555778894472;17.7469346733668;37.3425125628141;117.185728643216
0.482412060301508;2.68120603015075;6.13065326633166;11.0502512562814;15.1660301507538;34.9937185929648;108.582914572864
0.478190954773869;2.411608040201;5.38693467336683;10.1080904522613;15.5007035175879;37.286432160804;88.6130150753769
0.48964824120603;2.67090452261307;5.87155778894472;10.4434170854271;16.5626130653266;37.4592462311558;103.227939698492
0.500050251256281;2.30547738693467;6.02969849246231;10.9434673366834;17.3808542713568;39.4168844221106;109.708090452261
0.48964824120603;2.59050251256281;6.22266331658291;10.9007035175879;14.0725628140704;31.9533165829146;98.0397487437186
0.486231155778894;2.73924623115578;5.29201005025126;10.070351758794;18.3778391959799;36.9077386934673;97.7382412060302
0.471105527638191;2.55030150753769;6.64195979899498;9.84879396984925;16.1394472361809;28.646432160804;97.704472361809
0.48035175879397;2.30673366834171;5.07557788944724;11.4560301507538;17.9082914572864;34.5077386934673;106.478592964824
0.463115577889447;2.5864824120603;6.08723618090452;10.4665326633166;16.6813567839196;42.0924120603015;95.091256281407
0.49643216080402;2.2648743718593;5.61427135678392;9.61804020100502;16.9726633165829;34.7505527638191;92.5084924623116
0.49748743718593;2.32844221105528;6.10206030150754;9.20959798994975;17.2052261306533;35.0293467336683;95.285175879397
0.50070351758794;2.46628140703518;6.13060301507538;10.3676381909548;22.0176381909548;43.4660804020101;106.604221105528
0.48964824120603;2.67693467336683;7.89824120603015;10.0590954773869;16.6343718592965;39.9941708542714;94.6162814070352
0.48964824120603;2.4078391959799;6.4108040201005;10.7022613065327;13.5163316582915;35.4120603015075;112.516532663317
0.484371859296482;2.45949748743719;4.7686432160804;10.1153768844221;14.9007035175879;35.0942211055276;106.772613065327
0.47356783919598;2.55256281407035;5.35959798994975;10.7688442211055;18.2414070351759;38.3103015075377;103.437185929648
0.457286432160804;2.24623115577889;6.33145728643216;10.2773366834171;16.3585929648241;29.2060301507538;105.87256281407
0.465879396984925;2.56155778894472;5.82894472361809;9.99150753768844;16.5851256281407;34.7786934673367;92.7228140703518
0.491206030150754;2.49246231155779;6.02768844221106;11.5135175879397;19.2192964824121;42.2298994974874;100.812814070352
0.48964824120603;2.40723618090452;6.4578391959799;10.0421608040201;15.2078391959799;36.3211557788945;87.6339698492462
0.460251256281407;1.93844221105528;5.68361809045226;9.81286432160804;17.0138693467337;32.3706030150754;113.816281407035
0.501708542713568;2.438391959799;5.46125628140704;10.4723618090452;15.5537185929648;36.6381909547739;112.925427135678
0.468542713567839;2.30834170854271;5.42693467336683;11.0102512562814;17.1191457286432;39.366783919598;108.950703517588
0.457286432160804;2.4108040201005;5.98346733668342;9.79778894472362;13.8809547738693;36.3818592964824;101.107738693467
0.501708542713568;2.59854271356784;5.06532663316583;11.6670854271357;15.5074874371859;34.2052261306533;101.009849246231
0.487989949748744;2.22693467336683;5.6743216080402;11.4002010050251;18.3284422110553;35.5090954773869;84.5824623115578
0.45105527638191;2.50532663316583;6.31713567839196;10.0653266331658;15.6759296482412;38.0188442211055;89.8725628140703
0.50070351758794;2.81407035175879;5.26507537688442;11.0100502512563;16.5338693467337;33.8018090452261;108.430954773869
0.482412060301508;2.48638190954774;5.91979899497487;10.9145728643216;18.3718592964824;34.8894472361809;106.226130653266
0.475929648241206;2.47030150753769;6.32035175879397;10.2745728643216;15.3322110552764;36.2160804020101;91.915527638191
0.45105527638191;2.1527135678392;6.05381909547739;10.9957788944724;16.310351758794;32.9509547738693;101.105527638191
0.471105527638191;2.43412060301508;5.72140703517588;10.8822110552764;17.7474874371859;34.0414070351759;119.27959798995
0.49929648241206;2.32341708542714;6.55150753768844;11.7675879396985;16.6560804020101;33.704472361809;93.7905025125628
0.498442211055276;2.30974874371859;5.66427135678392;10.0992462311558;14.2833668341709;34.7897487437186;111.854271356784
0.463115577889447;2.62331658291457;5.0491959798995;10.25;17.0307035175879;34.254472361809;108.898040201005
0.48964824120603;2.53266331658291;5.88623115577889;8.87633165829146;13.8291457286432;36.4203015075377;101.496231155779
0.50251256281407;2.44502512562814;5.29266331658291;9.32643216080402;16.7437185929648;36.4323618090452;116.775829145729
0.491206030150754;2.56562814070352;5.82708542713568;11.4524623115578;16.2259296482412;38.8337185929648;100.623115577889
0.492663316582915;2.42793969849246;5.73261306532663;9.41502512562814;17.5388944723618;31.6618592964824;108.643216080402
0.444422110552764;2.52859296482412;6.27517587939698;10.5213567839196;15.6725628140704;37.4560804020101;106.994924623116
0.501256281407035;2.4651256281407;5.59954773869347;11.9298492462312;16.161608040201;32.1407035175879;95.0785929648241
0.491206030150754;2.52417085427136;5.8008040201005;11.6256783919598;17.3446733668342;38.1523115577889;111.191155778894
0.484371859296482;2.58793969849246;6.39391959798995;10.4309045226131;14.1354773869347;41.3459296482412;98.9193969849246
0.447788944723618;2.3686432160804;5.24603015075377;10.0138693467337;16.1462814070352;33.2886432160804;103.486180904523
0.47356783919598;2.53085427135678;5.63698492462312;10.2572361809045;16.7660301507538;35.9405025125628;122.883165829146
0.484371859296482;2.71231155778894;5.76236180904523;8.62668341708543;17.5496984924623;34.6307035175879;93.3322110552764
0.494020100502513;2.39819095477387;6.21427135678392;9.4508040201005;18.6910050251256;36.9302010050251;111.211608040201
0.48964824120603;2.33788944723618;6.59291457286432;11.8761809045226;19.5585929648241;41.3435175879397;122.672110552764
0.433718592964824;2.40221105527638;6.74552763819095;10.4410050251256;14.6249246231156;35.5439195979899;101.473316582915
0.475929648241206;2.37165829145729;5.18467336683417;9.65381909547739;18.4912060301508;32.9125125628141;102.159547738693
0.447788944723618;2.33040201005025;6.1529648241206;10.9354773869347;15.4572361809045;30.1338693467337;99.0625125628141
0.502060301507538;2.46814070351759;5.50708542713568;10.6592462311558;15.4106030150754;30.1569849246231;100.154974874372
0.482412060301508;2.42809045226131;5.81628140703518;10.8140703517588;17.1774371859296;35.8022110552764;98.8437688442211
0.491206030150754;2.46226130653266;5.72738693467337;9.22110552763819;15.9175376884422;33.003216080402;119.919396984925
0.495276381909548;2.31477386934673;6.16437185929648;10.2508040201005;17.0138190954774;40.0150753768844;106.701457286432
0.494020100502513;2.65005025125628;5.76236180904523;10.6580904522613;15.8210552763819;38.5123618090452;108.803567839196
0.49929648241206;2.30346733668342;5.62733668341709;9.50748743718593;16.0852261306533;36.9396984924623;105.164572864322
0.495276381909548;2.31552763819095;5.71577889447236;10.5281909547739;18.315527638191;32.2749246231156;110.05824120603
0.454221105527638;2.55070351758794;6.30949748743719;10.5326633165829;18.0502010050251;39.5374874371859;94.6514572864322
0.471105527638191;2.60020100502513;6.68939698492462;10.2672864321608;14.6162814070352;33.9657788944724;82.1708542713568
0.465879396984925;2.42085427135678;5.44723618090452;10.0542211055276;18.083216080402;39.2876381909548;98.4208542713568
0.502060301507538;2.80904522613065;6.15954773869347;10.0966834170854;17.4874371859296;36.0836180904523;109.56175879397
0.502462311557789;2.65884422110553;6.09829145728643;9.91834170854271;16.9125125628141;35.9585427135678;89.7807035175879
0.471105527638191;2.33522613065327;5.55653266331658;9.88361809045226;17.5509547738693;37.5364824120603;87.0440201005025
0.457286432160804;2.49065326633166;5.93748743718593;11.0307035175879;14.963567839196;36.6508040201005;102.910351758794
0.49748743718593;2.53221105527638;5.53085427135678;10.0631155778894;16.7336180904523;35.5163316582915;90.3710552763819
0.386733668341709;2.55150753768844;5.97984924623116;10.8590954773869;15.5163316582915;32.1985427135678;123.879396984925
0.494020100502513;2.63316582914573;5.4491959798995;9.71336683417085;16.653216080402;33.7064824120603;99.6542211055276
0.486231155778894;2.81628140703518;5.95170854271357;10.5326633165829;19.5947738693467;38.2592462311558;103.758341708543
0.457286432160804;2.53824120603015;6.61929648241206;9.91834170854271;15.1545226130653;34.8966834170854;99.7827135678392
0.468542713567839;2.43572864321608;5.25809045226131;11.2584924623116;16.4538190954774;34.0050251256281;105.627688442211
0.49748743718593;2.34592964824121;5.60301507537688;11.7989447236181;16.6809547738693;40.2540703517588;111.022663316583
0.500050251256281;2.14427135678392;6.50130653266332;10.5346231155779;16.7035175879397;39.4410050251256;107.255829145729
0.465879396984925;2.08638190954774;6.05246231155779;10.6620603015075;15.8668844221106;42.6592462311558;97.9698492462311
0.447788944723618;2.38949748743719;5.7708040201005;9.98346733668342;16.678391959799;35.3201507537688;104.100050251256
0.486231155778894;2.35256281407035;5.81788944723618;10.9700502512563;14.253216080402;36.4371859296482;108.316582914573
0.48964824120603;2.59090452261307;5.26633165829146;11.4889949748744;16.8698994974874;34.7324120603015;111.158994974874
0.50070351758794;2.9505527638191;6.05221105527638;10.5784422110553;14.6270854271357;39.083216080402;85.0749246231156
0.48964824120603;2.55899497487437;5.37281407035176;9.89341708542714;15.6160301507538;33.5135175879397;86.9929145728643
0.484371859296482;2.37180904522613;5.6972864321608;9.07959798994975;16.6893969849246;34.2785929648241;100.717537688442
0.501708542713568;2.44723618090452;6.36979899497487;9.40201005025126;15.6052261306533;32.3358793969849;90.1457286432161
0.468542713567839;2.41688442211055;5.72015075376884;9.81060301507538;17.9117587939698;32.5482914572864;110.087236180905
0.460251256281407;2.06829145728643;6.41402010050251;9.84040201005025;16.5165326633166;41.3856783919598;99.6404020100503
0.486231155778894;2.32758793969849;6.08562814070352;11.4057788944724;17.2363819095477;39.1838693467337;114.263115577889
0.492663316582915;2.71577889447236;5.78768844221106;11.1314572864322;16.3208040201005;38.9063316582915;103.407236180905
0.482412060301508;2.3686432160804;6.28020100502513;10.2250753768844;16.7131155778894;32.02391959799;110.102311557789
0.502311557788945;2.57281407035176;5.44597989949749;9.51633165829146;18.9868844221106;38.7047236180905;84.0972864321608
0.487989949748744;2.49;7.00623115577889;11.141256281407;18.2343718592965;34.3738190954774;104.654472361809
0.478190954773869;2.53221105527638;6.07633165829146;9.34190954773869;14.1218090452261;39.0904522613065;84.5740703517588
0.468542713567839;2.6329648241206;5.27256281407035;11.2279396984925;16.6709045226131;36.5867336683417;99.7409045226131
0.475929648241206;2.35155778894472;6.02532663316583;9.71733668341709;18.2893969849246;35.6444221105528;112.160753768844
0.48035175879397;2.49065326633166;6.23497487437186;10.6474371859296;15.7965326633166;39.230351758794;105.99391959799
0.484371859296482;2.50030150753769;5.66829145728643;10.5426633165829;16.501256281407;35.3406532663317;91.5746733668342
0.49643216080402;2.43412060301508;5.72738693467337;9.97366834170854;17.0259296482412;35.6984924623116;111.878140703518
0.50070351758794;2.45623115577889;5.8972864321608;10.3030653266332;17.0605025125628;39.3479396984925;97.7776381909548
0.440954773869347;2.64201005025126;6.16236180904523;9.23814070351759;14.2713065326633;35.8150251256281;98.2005527638191
0.494020100502513;2.25206030150754;5.09301507537688;9.4994472361809;14.7085427135678;34.5615577889447;100.478190954774
0.494020100502513;2.34753768844221;5.42713567839196;10.9676381909548;15.0681407035176;33.2926633165829;112.149497487437
0.491206030150754;2.52859296482412;5.42713567839196;9.94969849246231;17.2430150753769;36.1206030150754;101.461256281407
0.440954773869347;2.37140703517588;5.90452261306533;10.5790954773869;15.4861809045226;35.7537688442211;80.1326130653266
0.494020100502513;2.2970351758794;5.44643216080402;11.5656281407035;18.1394472361809;35.915527638191;92.9486934673367
0.495276381909548;2.40798994974874;6.5213567839196;11.0954271356784;16.1155778894472;30.4520603015075;98.7324120603015
0.49643216080402;2.40959798994975;6.15030150753769;12.5153768844221;17.929648241206;33.9730653266332;97.6683417085427
0.498442211055276;2.57844221105528;6.13422110552764;9.9935175879397;15.5191457286432;29.1093467336683;107.806231155779
0.42608040201005;2.488391959799;5.78286432160804;9.90829145728643;14.8846231155779;34.7472864321608;111.500703517588
0.491206030150754;2.5929648241206;5.24542713567839;10.2853768844221;16.0402010050251;38.2889949748744;89.761608040201
0.482412060301508;2.51256281407035;5.9613567839196;11.6256783919598;14.1595477386935;34.0580904522613;108.128442211055
0.500050251256281;2.57286432160804;5.0564824120603;9.32618090452261;18.1193467336683;35.445175879397;101.774422110553
0.48035175879397;2.73989949748744;6.36175879396985;10.5161306532663;17.601959798995;38.2709045226131;116.661507537688
0.502060301507538;2.69025125628141;6.6186432160804;10.0759296482412;16.7271859296482;34.6846231155779;108.494271356784
0.433718592964824;2.47859296482412;5.90346733668342;9.15130653266332;16.8240703517588;33.5894974874372;106.174824120603
0.498442211055276;2.4321608040201;5.90231155778894;11.3760804020101;15.9147738693467;38.238743718593;114.588743718593
0.47356783919598;2.56060301507538;5.65708542713568;11.3525628140704;13.5427135678392;39.3153266331658;100.461055276382
0.478190954773869;2.6327135678392;4.63738693467337;10.8944221105528;15.7193969849246;37.9183417085427;106.416030150754
0.482412060301508;2.25507537688442;5.2494472361809;9.32457286432161;17.677135678392;35.0713065326633;92.2313567839196
0.502311557788945;2.33040201005025;6.22105527638191;11.7666331658291;17.3543216080402;39.1740703517588;95.391959798995
0.501256281407035;2.28336683417085;6.06552763819095;9.72738693467337;14.9101005025126;32.1020603015075;110.944673366834
0.437386934673367;2.29502512562814;5.38693467336683;10.5917085427136;14.8220603015075;38.725175879397;122.615025125628
0.484371859296482;2.51477386934673;5.29241206030151;11.0172864321608;18.9610050251256;40.6641206030151;112.581658291457
0.494020100502513;2.36763819095477;6.65246231155779;9.96482412060302;15.838743718593;31.0625125628141;104.8391959799
0.498442211055276;2.5686432160804;5.56281407035176;11.6130653266332;17.8393969849246;33.0950251256281;92.6984924623116
0.492663316582915;2.64824120603015;6.38949748743719;10.2351256281407;17.0289447236181;43.4359296482412;96.2701005025126
0.48035175879397;2.51979899497487;5.72140703517588;10.7197989949749;16.369648241206;32.5784422110553;101.772412060302
0.48035175879397;2.48195979899497;5.57180904522613;11.6862311557789;18.403216080402;37.1931658291457;100.04
0.492663316582915;2.34854271356784;6.41206030150754;10.0534673366834;16.4518090452261;46.0100502512563;91.5979899497487
0.494020100502513;2.2705527638191;6.31236180904523;9.66708542713568;18.2590954773869;35.1557788944724;117.352964824121
0.492663316582915;2.561608040201;6.54050251256281;9.73623115577889;17.4309547738693;31.5432663316583;109.485628140704
0.478190954773869;2.4972864321608;6.34291457286432;10.2188944723618;16.5245728643216;31.4560301507538;103.51256281407
0.444422110552764;2.48422110552764;5.62688442211055;10.3959296482412;17.1376381909548;31.8504522613065;91.219648241206
0.471105527638191;2.45708542713568;6.23336683417085;10.080351758794;15.8110050251256;36.6528140703518;90.8128140703518
0.491206030150754;2.39753768844221;5.91713567839196;8.94050251256281;16.9205527638191;38.323567839196;91.9565829145729
0.492663316582915;2.46989949748744;5.99190954773869;9.8186432160804;19.8508040201005;33.74391959799;91.4162814070352
0.475929648241206;2.32442211055276;6.42165829145729;8.3529648241206;15.2882412060302;36.7035175879397;90.4220603015075
0.48035175879397;2.37060301507538;5.10633165829146;9.55331658291457;18.2869849246231;32.1630150753769;119.871306532663
0.50070351758794;2.64442211055276;6.38989949748744;10.9626130653266;19.0560804020101;36.0682914572864;100.987135678392
0.494020100502513;2.33386934673367;6.85809045226131;10.4601005025126;15.9003015075377;37.99391959799;108.156733668342
0.500050251256281;2.2672864321608;5.17467336683417;10.4944221105528;16.5949246231156;37.6670854271357;100.741658291457
0.487989949748744;2.64040201005025;5.91577889447236;11.3704020100503;16.0625125628141;36.2025628140704;102.028894472362
0.502311557788945;2.71035175879397;5.83311557788945;11.2946733668342;15.4954271356784;33.4954271356784;84.9195979899498
0.444422110552764;2.96763819095477;5.59015075376884;10.6648743718593;16.2005527638191;29.6369849246231;95.4934170854271
0.47356783919598;2.58713567839196;5.52763819095477;11.5553266331658;18.8140201005025;37.7374371859297;99.2836180904523
0.460251256281407;2.49;6.79778894472362;11.1716582914573;17.038743718593;34.098040201005;101.636934673367
0.487989949748744;2.47236180904523;5.97608040201005;10.446432160804;16.2286934673367;36.6118090452261;93.1143216080402
0.475929648241206;2.54552763819095;6.01361809045226;9.99075376884422;17.5475376884422;30.0502512562814;106.006834170854
0.478190954773869;2.42809045226131;6.22266331658291;11.0946733668342;17.7640201005025;37.8410050251256;125.362763819095
0.494020100502513;2.25;6.44819095477387;9.59115577889447;15.5975376884422;37.2701507537688;93.926432160804
0.42608040201005;2.3135175879397;5.28562814070352;10.4263316582915;13.7284422110553;36.7223618090452;101.710100502513
0.494020100502513;2.35155778894472;4.84402010050251;11.8952763819095;16.4296984924623;37.2216582914573;87.8889949748744
0.482412060301508;2.92618090452261;5.68341708542714;9.17140703517588;16.5563316582915;28.2651256281407;90.6110050251256
0.463115577889447;2.53824120603015;6.06311557788945;9.22969849246231;13.9975376884422;35.7575376884422;99.677135678392
0.491206030150754;2.63316582914573;5.29522613065327;12.2974371859296;13.9090954773869;39.0186432160804;117.440753768844
0.475929648241206;2.17964824120603;5.12562814070352;9.63371859296482;16.8641206030151;33.643216080402;99.2823618090452
0.433718592964824;2.67733668341709;5.96502512562814;10.5398994974874;14.7324120603015;38.105527638191;105.149296482412
0.491206030150754;2.5527135678392;5.39050251256281;12.6213065326633;18.8661306532663;38.9704020100503;106.124824120603
0.49643216080402;2.42231155778894;6.62894472361809;10.5515075376884;15.5929648241206;36.3811055276382;106.102060301508
0.486231155778894;2.36060301507538;5.57180904522613;9.28035175879397;16.1549748743719;44.1911557788945;97.0452261306533
0.492663316582915;2.32844221105528;5.8643216080402;9.4994472361809;15.1496984924623;35.2839698492462;104.917386934673
0.482412060301508;2.43010050251256;5.30633165829146;9.0813567839196;17.2719095477387;34.0243216080402;107.370804020101
0.486231155778894;2.40557788944724;5.90452261306533;10.488391959799;15.9183417085427;42.3010552763819;107.391959798995
0.500050251256281;2.52542713567839;5.82914572864322;11.1155778894472;18.3378894472362;36.0088442211055;114.084371859296
0.492663316582915;2.8243216080402;6.2970351758794;9.57663316582915;17.0685427135678;34.2829648241206;108.556984924623
0.486231155778894;2.55356783919598;6.01005025125628;10.0538190954774;16.7636180904523;34.5173869346734;92.8142713567839
0.484371859296482;2.17040201005025;5.90547738693467;9.66708542713568;17.8266834170854;36.2930150753769;103.328442211055
0.482412060301508;2.28321608040201;6.06854271356784;10.8982914572864;17.5291959798995;36.5829145728643;104.94472361809
0.47356783919598;2.3605527638191;6.29628140703518;10.2672864321608;13.7784422110553;33.5432663316583;97.7889447236181
0.50251256281407;2.2970351758794;5.14070351758794;11.3841206030151;14.0309547738693;36.8771859296482;103.705728643216
0.457286432160804;2.57844221105528;4.79994974874372;10.9937185929648;16.8731155778894;35.3153266331658;108.10608040201
0.486231155778894;2.16361809045226;6.0470351758794;9.00180904522613;14.4450251256281;32.6826130653266;109.603969849246
0.482412060301508;2.22231155778894;5.33688442211055;8.61025125628141;17.5115075376884;38.6668844221106;109.013819095477
0.457286432160804;2.21105527638191;6.63190954773869;10.3706030150754;16.5615577889447;37.9191457286432;105.784472361809
0.49929648241206;2.33120603015075;5.90949748743719;10.3907035175879;18.1623618090452;36.7991959798995;101.348944723618
0.502311557788945;2.6651256281407;6.53261306532663;10.733216080402;17.0572361809045;38.5615577889447;95.1539698492462
0.468542713567839;2.42331658291457;5.71733668341709;8.90206030150754;18.5630150753769;35.8379396984925;90.5678391959799
0.495276381909548;2.54145728643216;6.30974874371859;11.1354773869347;13.1697989949749;33.8351256281407;102.395778894472
0.49929648241206;2.57608040201005;4.84175879396985;10.4562311557789;15.5077386934673;33.5364824120603;102.530201005025
0.468542713567839;2.47718592964824;6.04175879396985;10.7094974874372;14.5623618090452;30.8280904522613;88.4564824120603
0.501708542713568;2.54854271356784;5.04396984924623;10.8052261306533;15.7981909547739;37.1256281407035;92.9185427135678
0.460251256281407;2.68844221105528;6.1394472361809;8.04743718592965;17.5405025125628;37.0713065326633;99.5577889447236
0.50070351758794;2.51577889447236;6.05020100502513;10.9786934673367;17.0769346733668;32.419648241206;107.60824120603
0.491206030150754;2.6886432160804;6.30733668341709;10.891256281407;15.0688944723618;33.0273366834171;110.622663316583
0.484371859296482;2.41427135678392;5.64175879396985;10.1503015075377;19.3989447236181;33.9730653266332;105.326432160804
0.478190954773869;2.74246231155779;6.30030150753769;10.9698492462312;15.454824120603;35.6822110552764;106.315527638191
0.47356783919598;2.25346733668342;5.78849246231156;10.8002010050251;16.498040201005;41.5364824120603;101.567386934673
0.487989949748744;2.34190954773869;5.8170351758794;10.6339698492462;16.0059798994975;33.3941708542714;99.5818592964824
0.49643216080402;2.40884422110553;5.49527638190955;12.2010050251256;18.803567839196;36.4497989949749;89.2341206030151
0.482412060301508;2.13045226130653;6.80276381909548;10.3404522613065;17.2751256281407;34.4785929648241;105.687185929648
0.471105527638191;2.35155778894472;5.96537688442211;9.0970351758794;13.4279396984925;40.4361306532663;111.911507537688
0.491206030150754;2.84577889447236;4.69502512562814;11.8631155778894;15.7784422110553;35.2361306532663;109.519547738693
0.454221105527638;2.28261306532663;5.45603015075377;10.0759296482412;15.1083417085427;37.5660301507538;100.419648241206
0.48964824120603;2.5213567839196;5.64824120603015;9.97608040201005;16.4879899497487;35.9324623115578;94.6821608040201
0.484371859296482;2.99075376884422;5.88060301507538;9.41462311557789;18.1660301507538;32.1181407035176;105.125577889447
0.478190954773869;2.42733668341709;5.99190954773869;10.4755778894472;17.0715577889447;35.4675376884422;100.703065326633
0.495276381909548;2.32582914572864;6.31155778894472;10.7286432160804;15.2397487437186;36.2399497487437;96.2964824120603
0.465879396984925;2.21502512562814;5.34170854271357;9.67994974874372;17.7405025125628;32.1125125628141;109.103718592965
0.500050251256281;2.1527135678392;5.90547738693467;11.2095979899497;16.4966834170854;44.6106030150754;107.720150753769
0.484371859296482;2.32743718592965;5.4070351758794;9.78286432160804;19.2357286432161;36.7153768844221;117.445979899497
0.500050251256281;2.72758793969849;6.68120603015075;9.30849246231156;17.29;37.7466834170854;99.1195477386935
0.482412060301508;2.42713567839196;6.31778894472362;11.0588442211055;16.3034673366834;35.5919095477387;101.120804020101
0.492663316582915;2.48361809045226;6.25346733668342;10.6692964824121;18.8470351758794;35.1597487437186;97.9786934673367
0.47356783919598;2.44502512562814;6.34693467336683;10.5888944723618;16.1937688442211;31.0085929648241;87.3324623115578
0.475929648241206;2.44402010050251;5.94894472361809;11.1645728643216;16.7228140703518;36.3165829145729;100.557788944724
0.413869346733668;2.32316582914573;5.54753768844221;10.4874371859296;14.2711557788945;36.3271859296482;104.80783919598
0.45105527638191;2.51050251256281;5.318391959799;9.55959798994975;15.0672864321608;33.3527135678392;83.6168341708543
0.482412060301508;2.26412060301508;5.24819095477387;9.78768844221105;18.4673366834171;32.8429648241206;99.998743718593
0.463115577889447;2.16959798994975;6.44743718592965;8.96839195979899;19.1874874371859;36.5007035175879;122.630703517588
0.501256281407035;2.30025125628141;6.92015075376884;10.6249246231156;17.5137688442211;41.6658793969849;88.6440201005025
0.491206030150754;2.67130653266332;6.66110552763819;9.96100502512563;16.0209045226131;40.480351758794;101.213869346734
0.500050251256281;2.25206030150754;5.84924623115578;9.52180904522613;15.8994974874372;35.710351758794;110.789748743719
0.47356783919598;2.43437185929648;5.67030150753769;9.31532663316583;15.6454271356784;34.4582412060302;99.5191457286432
0.484371859296482;2.25206030150754;5.41904522613065;10.1929145728643;16.3706532663317;32.653216080402;99.115527638191
0.444422110552764;2.77065326633166;5.99874371859296;10.8082412060302;16.0457788944724;34.4079899497487;103.638190954774
0.463115577889447;2.51130653266332;5.71236180904523;11.6331658291457;15.1630150753769;29.431959798995;86.7449246231156
0.484371859296482;2.49628140703518;5.12482412060302;9.56658291457286;19.3358793969849;37.8846231155779;97.2582412060301
0.501256281407035;2.37185929648241;6.75170854271357;11.3655778894472;17.8715577889447;32.0594974874372;82.9017085427136
0.491206030150754;1.95773869346734;5.9786432160804;9.78170854271357;16.3693969849246;34.3456783919598;85.9714070351759
0.471105527638191;2.46733668341709;5.7286432160804;11.3656281407035;15.6082412060302;32.3023115577889;104.470301507538
0.48964824120603;2.54954773869347;5.38045226130653;9.91713567839196;14.1314572864322;31.6871859296482;107.658291457286
0.465879396984925;2.44095477386935;5.04115577889447;10.7688442211055;14.9449246231156;32.7557286432161;102.685376884422
0.478190954773869;2.73748743718593;5.42105527638191;10.9073366834171;14.9607537688442;35.6779396984925;101.922412060302
0.47356783919598;2.69221105527638;5.36180904522613;9.37407035175879;15.1243718592965;39.5569849246231;93.2524623115578
0.471105527638191;2.31713567839196;5.01929648241206;10.6130150753769;19.0229145728643;37.0106030150754;108.168793969849
0.45105527638191;2.50005025125628;6.46733668341709;11.3921608040201;15.7346231155779;34.2663316582915;100.380653266332
0.502060301507538;2.53020100502513;5.71075376884422;8.97768844221106;17.2213065326633;35.681959798995;89.8725628140703
0.482412060301508;1.99618090452261;6.15859296482412;11.9376381909548;16.080351758794;39.8713065326633;103.412261306533
0.491206030150754;2.71110552763819;5.8643216080402;10.5075376884422;16.6873869346734;42.3774371859297;85.7181407035176
0.465879396984925;2.28939698492462;5.74793969849246;11.2996984924623;13.3623618090452;33.6281407035176;87.5263819095477
0.429949748743719;2.37005025125628;4.87311557788945;10.1861306532663;15.4522613065327;35.6414070351759;103.764773869347
0.482412060301508;2.34291457286432;5.32859296482412;9.41261306532663;15.0785929648241;39.0841708542714;109.634371859296
0.478190954773869;2.63311557788945;5.52718592964824;8.53688442211055;16.1092964824121;39.8078391959799;104.856231155779
0.482412060301508;2.55356783919598;5.86753768844221;10.4842211055276;15.9778391959799;32.6986934673367;98.8090452261307
0.492663316582915;2.36979899497487;5.40201005025126;10.5788442211055;16.5780904522613;35.6092462311558;102.291256281407
0.486231155778894;2.45180904522613;6.09929648241206;10.8454271356784;20.5446733668342;39.3856783919598;109.024673366834
0.463115577889447;2.46829145728643;6.89929648241206;9.33060301507538;14.5205527638191;36.7738190954774;112.799195979899
0.471105527638191;2.44095477386935;5.33286432160804;10.7050753768844;16.7894974874372;34.6970351758794;111.195979899497
0.492663316582915;2.55030150753769;5.58386934673367;11.9714070351759;14.2349748743719;40.3352261306533;96.0236683417085
0.48035175879397;2.72758793969849;4.76979899497487;11.2601005025126;15.4605025125628;36.8102512562814;114.060251256281
0.48035175879397;2.55834170854271;5.55974874371859;10.0538190954774;16.153567839196;34.8178894472362;100.295427135678
0.49748743718593;2.51814070351759;5.77482412060302;10.4472361809045;18.7047236180905;35.0829648241206;100.928592964824
0.49748743718593;2.15954773869347;6.05025125628141;9.03874371859296;15.7545728643216;37.9082914572864;114.994974874372
0.475929648241206;2.37809045226131;5.63939698492462;9.85804020100503;17.0812060301508;39.6369346733668;116.626683417085
0.486231155778894;2.38145728643216;5.89326633165829;8.1356783919598;16.9294472361809;35.285175879397;99.2962814070352
0.482412060301508;2.22507537688442;5.97341708542714;10.4198994974874;16.0490452261307;35.1394974874372;91.7288442211055
0.48035175879397;2.59693467336683;5.7543216080402;9.27115577889447;15.5738190954774;38.331608040201;98.7690452261307
0.495276381909548;2.71150753768844;5.27793969849246;10.1101005025126;15.6542211055276;36.480351758794;97.7083417085427
0.501256281407035;2.0421608040201;5.89140703517588;9.2248743718593;17.4590954773869;31.9981909547739;104.689396984925
0.487989949748744;2.07115577889447;5.90954773869347;9.60678391959799;16.9482914572864;33.9529648241206;104.629095477387
0.48035175879397;2.28321608040201;5.98145728643216;8.99653266331658;18.3324623115578;42.8138693467337;94.6793467336683
0.494020100502513;2.55658291457286;6.35497487437186;10.4761809045226;17.1987939698492;40.3854773869347;112.180904522613
0.501256281407035;2.57909547738693;6.0251256281407;11.285175879397;15.0809547738693;32.0039698492462;113.155326633166
0.495276381909548;2.33246231155779;5.04100502512563;11.3141206030151;15.782864321608;33.4842211055276;85.4574874371859
0.484371859296482;2.44376884422111;5.78688442211055;10.1780904522613;17.6216582914573;36.0424120603015;118.360603015075
0.457286432160804;2.45145728643216;6.40597989949749;9.76236180904523;13.8090452261307;34.2229145728643;95.4098492462312
0.468542713567839;2.81281407035176;5.00582914572864;12.1623618090452;16.3356281407035;31.3101005025126;101.579849246231
0.487989949748744;2.60698492462312;5.59577889447236;11.9175376884422;17.1758291457286;40.2412060301508;102.924824120603
0.482412060301508;2.5213567839196;5.53643216080402;9.17462311557789;18.3831155778894;35.7676381909548;104.6491959799
0.457286432160804;2.30170854271357;6.40723618090452;10.1127638190955;17.437135678392;34.1281909547739;100.317537688442
0.484371859296482;2.29125628140704;6.37809045226131;11.0540201005025;17.3419095477387;37.8106030150754;109.743718592965
0.502311557788945;2.39015075376884;5.68120603015075;11.4765829145729;16.0434170854271;35.6621105527638;104.099698492462
0.465879396984925;2.34693467336683;5.54190954773869;10.0333668341709;15.4209045226131;33.7322110552764;98.8321105527638
0.465879396984925;2.21829145728643;5.61361809045226;10.2601005025126;14.7336683417085;41.4590954773869;97.5416582914573
0.49643216080402;2.72758793969849;4.99371859296482;10.4673366834171;17.108743718593;37.5807035175879;87.5565326633166
0.465879396984925;2.42768844221106;6.02030150753769;10.7047236180905;15.9919095477387;34.9780904522613;95.388743718593
0.495276381909548;2.50849246231156;5.44718592964824;10.3316582914573;14.4755778894472;32.0791457286432;109.761608040201
0.49748743718593;2.58874371859296;5.22834170854271;11.7977386934673;16.1043216080402;30.9084924623116;109.666532663317
0.437386934673367;2.26633165829146;5.56939698492462;10.1060804020101;15.6846231155779;36.6491959798995;93.929648241206
0.484371859296482;2.18688442211055;5.5686432160804;10.5469346733668;16.4765829145729;37.8692964824121;88.4421608040201
0.494020100502513;2.25683417085427;6.07592964824121;10.254824120603;17.9894974874372;32.4902512562814;101.220050251256
0.49929648241206;2.61180904522613;6.22708542713568;11.5090954773869;17.8492462311558;31.6871859296482;99.7784422110553
0.487989949748744;2.31150753768844;6.09442211055276;10.9000502512563;17.688391959799;35.6783417085427;113.57743718593
0.465879396984925;2.04577889447236;6.1435175879397;9.88442211055276;15.7949246231156;38.403567839196;104.926834170854
0.491206030150754;2.34452261306533;5.39090452261307;9.80658291457286;16.1997487437186;38.3404522613065;97.76
0.475929648241206;2.93060301507538;5.90346733668342;11.8190452261307;14.8341708542714;35.2823618090452;92.8759296482412
0.486231155778894;2.79316582914573;5.14326633165829;10.1539698492462;16.6705527638191;35.6132663316583;97.0605025125628
0.486231155778894;2.44577889447236;6.11613065326633;9.45105527638191;17.8651256281407;30.7127638190955;117.646984924623
0.478190954773869;2.42809045226131;6.30733668341709;9.82909547738693;16.9927638190955;35.2072361809045;94.7286432160804
0.48035175879397;2.54668341708543;5.94849246231156;11.9388944723618;16.2570854271357;37.7728140703518;86.1368844221106
0.50251256281407;2.48396984924623;5.8813567839196;11.6618592964824;14.7007035175879;37.8680904522613;79.5094974874372
0.486231155778894;2.05346733668342;5.19618090452261;9.46889447236181;16.3907035175879;33.2339698492462;134.00959798995
0.494020100502513;2.57683417085427;6.07035175879397;9.58748743718593;16.1163819095477;39.925175879397;95.939648241206
0.42608040201005;2.19653266331658;5.99376884422111;9.5778391959799;15.838743718593;33.6683417085427;103.013015075377
0.475929648241206;2.41427135678392;5.71577889447236;9.43738693467337;16.4942713567839;33.5115075376884;98.281608040201
0.48964824120603;2.2713567839196;6.0791959798995;9.70773869346734;16.4645226130653;40.7035175879397;93.3007035175879
0.495276381909548;2.19452261306533;6.44095477386935;11.1137688442211;18.6648743718593;34.2713567839196;99.4186432160804
0.486231155778894;2.34045226130653;6.58688442211055;10.9985427135678;16.5221608040201;33.0162814070352;102.66527638191
0.501708542713568;2.31376884422111;5.321608040201;9.77909547738694;16.6414070351759;38.2663316582915;98.0638693467337
0.498442211055276;2.74874371859296;5.44;11.1137688442211;16.4605025125628;29.1545226130653;105.151708542714
0.475929648241206;2.64100502512563;5.94326633165829;10.4924120603015;14.2431658291457;32.6954271356784;93.5231658291457
0.465879396984925;2.21105527638191;4.78266331658291;10.2172864321608;15.5537185929648;38.8719095477387;84.6574874371859
0.49929648241206;2.3364824120603;5.54291457286432;12.2994472361809;16.5499497487437;36.9326130653266;109.519145728643
0.460251256281407;2.66110552763819;5.92140703517588;10.2872361809045;13.5874874371859;34.9770854271357;92.4781909547739
0.492663316582915;2.86552763819095;4.8313567839196;9.96804020100502;16.818040201005;31.1231658291457;105.213266331658
0.471105527638191;2.40482412060302;5.73889447236181;9.1608040201005;19.0170351758794;33.6996984924623;91.0411557788945
0.471105527638191;2.44723618090452;6.36683417085427;9.30407035175879;14.5589949748744;38.1177889447236;117.683969849246
0.482412060301508;2.61261306532663;5.26854271356784;10.9756783919598;16.1888944723618;34.2695477386935;89.6062311557789
0.471105527638191;2.69221105527638;5.69326633165829;10.3065326633166;17.214824120603;34.6369849246231;91.8934170854271
0.463115577889447;2.38070351758794;6.11251256281407;8.95070351758794;15.845175879397;38.0741708542714;91.1746231155779
0.413869346733668;2.28939698492462;5.68261306532663;9.8894472361809;15.2665326633166;38.0904522613065;106.789497487437
0.48035175879397;2.51256281407035;5.51236180904523;10.0437688442211;16.7617587939699;35.4672864321608;81.1979396984925
0.47356783919598;2.64040201005025;5.79090452261307;11.4605025125628;14.924824120603;34.25;105.553969849246
0.502311557788945;2.36577889447236;5.25221105527638;11.4675376884422;16.4912060301508;41.5231658291457;109.348693467337
0.486231155778894;3.00658291457286;5.51150753768844;10.2279396984925;13.9312060301508;34.934472361809;98.6884422110553
0.482412060301508;2.50673366834171;4.83195979899497;10.1658291457286;14.0902512562814;34.8743718592965;113.366834170854
0.460251256281407;2.69904522613065;5.11738693467337;9.33788944723618;16.6213065326633;34.4711055276382;103.040753768844
0.478190954773869;2.60804020100503;5.56462311557789;9.68718592964824;16.2552261306533;36.7636180904523;121.326582914573
0.486231155778894;2.69346733668342;6.06185929648241;10.572864321608;17.0853768844221;41.5877386934673;111.713567839196
0.465879396984925;2.52859296482412;5.86527638190955;11.5866834170854;15.8411557788945;33.1195477386935;99.8108542713568
0.463115577889447;2.36462311557789;5.53763819095477;9.84316582914573;15.1507537688442;38.2902010050251;102.375075376884
0.502462311557789;2.32758793969849;5.22110552763819;11.5263819095477;17.1384924623116;37.8781909547739;105.005025125628
0.491206030150754;2.69326633165829;5.57663316582915;9.84442211055276;16.168391959799;32.3891457286432;108.462311557789
0.486231155778894;2.38547738693467;5.77482412060302;9.31035175879397;14.8477889447236;31.6622613065327;105.587487437186
0.50070351758794;2.25120603015075;5.09301507537688;10.9836683417085;16.8665326633166;39.8379396984925;116.582462311558
0.495276381909548;2.52859296482412;5.85949748743719;9.36879396984925;14.0002010050251;35.0954773869347;90.8775879396985
0.468542713567839;2.74492462311558;4.56437185929648;9.66110552763819;14.2902010050251;37.1919095477387;101.768793969849
0.502060301507538;2.90733668341709;5.40658291457286;10.8678894472362;16.2085929648241;32.3231658291457;98.5342211055276
0.48964824120603;2.11035175879397;5.93989949748744;8.20100502512563;17.8524623115578;32.1831155778894;101.833969849246
0.413869346733668;2.12482412060302;6.5027135678392;9.81462311557789;16.7818592964824;40;102.299045226131
0.494020100502513;2.35497487437186;5.84422110552764;11.2449748743719;14.8630653266332;34.6813567839196;102.192914572864
0.502311557788945;2.15959798994975;5.42668341708543;10.5937688442211;15.2311557788945;37.4269346733668;118.849246231156
0.49929648241206;2.17467336683417;5.4791959798995;10.0952763819095;17.7072864321608;39.1042713567839;105.925175879397
0.486231155778894;2.55095477386935;6.4578391959799;8.90452261306533;17.045175879397;36.8675376884422;116.282964824121
0.498442211055276;2.77366834170854;6.41562814070352;10.1997487437186;19.9352261306533;36.9246231155779;97.8241206030151
0.501256281407035;2.32155778894472;6.3756783919598;10.6836180904523;16.5666331658291;34.2829648241206;94.5543216080402
0.447788944723618;2.47030150753769;4.91959798994975;9.75256281407035;18.0638693467337;42.6922110552764;98.5326633165829
0.465879396984925;2.31778894472362;6.43090452261307;10.7074874371859;16.0731658291457;34.2172864321608;115.023065326633
0.498442211055276;2.49246231155779;5.20155778894472;11.0414070351759;15.9878894472362;32.6769346733668;109.615628140704
0.484371859296482;2.72718592964824;5.54527638190955;11.1676381909548;18.0075879396985;32.3505025125628;90.0924120603015
0.468542713567839;2.26005025125628;6.37140703517588;10.4279396984925;19.6952763819095;37.7509547738693;101.195929648241
0.494020100502513;2.51130653266332;6.45020100502513;9.89140703517588;15.7537688442211;32.9937185929648;105.352713567839
0.498442211055276;2.22467336683417;5.33949748743719;11.7537688442211;15.2922613065327;38.2414070351759;102.059045226131
0.444422110552764;2.06427135678392;5.30447236180905;10.5107537688442;17.3354271356784;36.8095979899498;95.4568341708543
0.486231155778894;2.47236180904523;5.42507537688442;10.6916582914573;16.4477889447236;38.6755778894472;118.182713567839
0.475929648241206;2.55095477386935;5.78889447236181;10.088391959799;16.5778894472362;34.1515577889447;97.0530653266332
0.471105527638191;2.45226130653266;5.58668341708543;10.6812060301508;17.1573366834171;36.1281909547739;100.96
0.492663316582915;2.25125628140704;5.76964824120603;11.941256281407;14.9435175879397;33.2240703517588;114.79351758794
0.482412060301508;2.38874371859297;5.29768844221106;10.3515577889447;17.3909045226131;35.8351256281407;86.5362311557789
0.48035175879397;2.49869346733668;6.60884422110553;11.0065829145729;17.3811055276382;31.1858793969849;92.2361809045226
0.49929648241206;2.39195979899498;6.78748743718593;10.81;14.0783417085427;37.2460301507538;94.8259296482412
0.487989949748744;2.47155778894472;5.18185929648241;9.02708542713568;19.9949748743719;34.8397487437186;102.421658291457
0.429949748743719;2.46110552763819;6.66527638190955;9.85522613065327;14.7770854271357;34.7697989949749;108.638994974874
0.487989949748744;2.24;5.62809045226131;11.568040201005;17.0206532663317;37.4351256281407;99.8359798994975
0.47356783919598;2.36763819095477;5.93286432160804;10.5949246231156;16.0678894472362;29.2397487437186;111.657035175879
0.48964824120603;2.48437185929648;5.65849246231156;10.6990452261307;15.9034673366834;39.7730653266332;104.417638190955
0.484371859296482;2.77261306532663;6.15457286432161;10.3515577889447;16.1077386934673;34.2584924623116;110.59216080402
0.468542713567839;2.34190954773869;5.52743718592965;9.22005025125628;18.0618592964824;34.4401507537688;99.8672864321608
0.49748743718593;2.72643216080402;6.46814070351759;11.9796984924623;17.0675376884422;37.2622613065327;94.9851256281407
0.465879396984925;2.50407035175879;6.03095477386935;9.95331658291457;15.0745728643216;34.1338693467337;100.812010050251
0.475929648241206;2.44100502512563;5.29266331658291;10.1909547738693;15.2168844221106;37.696432160804;110.788944723618
0.486231155778894;2.45547738693467;5.68597989949749;11.568040201005;13.6514572864322;34.4209045226131;96.3971859296482
0.468542713567839;2.45145728643216;5.14447236180905;10.7133668341709;15.1042713567839;33.0524623115578;90.8283417085427
0.482412060301508;2.10206030150754;5.46527638190955;10.3354773869347;17.9495477386935;35.8069849246231;94.6528140703518
0.484371859296482;2.51814070351759;6.32844221105528;9.95195979899498;16.3605527638191;34.9836683417085;104.940653266332
0.457286432160804;2.04542713567839;5.79778894472362;11.5318592964824;14.2389949748744;35.6323618090452;97.3459296482412
0.484371859296482;2.4108040201005;5.16537688442211;9.38190954773869;13.9921608040201;37.332864321608;94.3435175879397
0.484371859296482;2.38065326633166;5.3827135678392;9.41889447236181;16.3907537688442;39.1243718592965;104.270100502513
0.48035175879397;2.57286432160804;5.92316582914573;9.54753768844221;15.6331658291457;31.2582412060301;112.389899497487
0.50070351758794;2.438391959799;5.74829145728643;11.0711557788945;19.0270854271357;33.1959296482412;79.3589949748744
0.465879396984925;2.22467336683417;6.60899497487437;9.42633165829146;16.7573366834171;36.8759296482412;97.7105025125628
0.49748743718593;2.36376884422111;5.61201005025126;10.9706532663317;16.7877386934673;37.7173366834171;107.734472361809
0.475929648241206;2.62331658291457;6.13145728643216;10.3115075376884;14.5121105527638;31.2964824120603;94.231959798995
0.492663316582915;2.42090452261307;5.25984924623116;10.5678391959799;16.1758793969849;34.8397487437186;103.599547738693
0.501256281407035;2.45708542713568;5.15698492462312;9.67155778894472;17.77608040201;41.8249246231156;98.8562311557789
0.47356783919598;2.69140703517588;6.50753768844221;10.732864321608;15.7261809045226;36.0658793969849;127.12743718593
0.471105527638191;2.91376884422111;5.43437185929648;9.84040201005025;15.0138190954774;36.2069849246231;90.2632663316583
0.457286432160804;2.13261306532663;5.10507537688442;10.739648241206;13.3523115577889;33.0192964824121;93.7181407035176
0.49929648241206;2.21326633165829;5.25180904522613;9.07718592964824;21.2863819095477;34.1218090452261;110.526180904523
0.484371859296482;2.67336683417085;6.96984924623116;11.2450251256281;15.6253266331658;37.8210552763819;97.7969346733668
0.468542713567839;2.44502512562814;5.24979899497487;10.4095979899497;16.2130150753769;39.928391959799;106.327185929648
0.457286432160804;2.2705527638191;5.67713567839196;10.2813567839196;15.3253768844221;36.2822110552764;105.174623115578
0.475929648241206;2.30025125628141;5.7848743718593;11.2550251256281;15.7057286432161;38.9304522613065;108.981708542714
0.468542713567839;2.42085427135678;5.47331658291457;9.1794472361809;15.8389949748744;38.4457788944724;96.675175879397
0.500050251256281;2.73160804020101;5.85547738693467;11.7060804020101;16.5829145728643;37.9553266331658;107.421055276382
0.50251256281407;2.42713567839196;5.35557788944724;9.44597989949749;16.8920100502513;37.6904020100502;79.4005527638191
0.494020100502513;2.62814070351759;5.69804020100502;10.2253266331658;17.5062814070352;36.6721608040201;127.551708542714
0.478190954773869;2.48663316582915;6.2470351758794;10.9861306532663;14.8564824120603;34.6069849246231;103.750301507538
0.463115577889447;2.3348743718593;5.21763819095477;9.64643216080402;14.6691457286432;35.9585427135678;89.515527638191
0.475929648241206;2.35959798994975;4.89969849246231;10.5961809045226;16.8152763819095;38.0618592964824;106.731608040201
0.494020100502513;2.77140703517588;6.00984924623116;9.74552763819096;15.2812060301508;34.7123115577889;100.038391959799
0.468542713567839;2.72115577889447;5.4005527638191;10.3837185929648;17.0854271356784;29.9231658291457;109.459095477387
0.444422110552764;2.48743718592965;5.59190954773869;10.8136180904523;14.7063316582915;38.8693467336683;89.7575376884422
0.502311557788945;2.17065326633166;5.54753768844221;10.4233165829146;18.4256783919598;36.317135678392;109.206834170854
0.49748743718593;2.2078391959799;6.86050251256281;10.4176381909548;14.8430150753769;40.9445226130653;109.375628140704
0.482412060301508;2.67130653266332;4.98713567839196;10.8437688442211;15.2233165829146;40.1117587939698;105.117135678392
0.500050251256281;2.38713567839196;5.70206030150754;11.0333668341709;14.3917587939698;32.308743718593;103.412060301508
0.49929648241206;2.48396984924623;4.96477386934673;9.5043216080402;16.6126130653266;37.1344221105528;109.579095477387
0.48964824120603;2.67718592964824;6.22869346733668;8.6494472361809;14.2097989949749;32.2692964824121;91.9336180904523
0.468542713567839;2.411608040201;5.20522613065327;11.0471859296482;17.4470351758794;33.5017085427136;97.2042211055276
0.494020100502513;2.54145728643216;5.78889447236181;11.1070854271357;17.5472864321608;34.0489949748744;111.159346733668
0.498442211055276;2.39592964824121;6.26010050251256;9.42793969849246;16.7697989949749;36.8703015075377;98.8120100502513
0.48964824120603;2.51050251256281;5.82090452261307;9.82331658291457;18.5945226130653;38.3557286432161;100.542713567839
0.48964824120603;2.33723618090452;6.27693467336683;11.6136180904523;16.964824120603;36.4685427135678;93.5533165829146
0.50070351758794;2.24;5.92884422110553;9.71638190954774;19.9183417085427;34.6367336683417;106.05783919598
0.48035175879397;2.22613065326633;6.6672864321608;10.3798492462312;18.974824120603;41.8651256281407;102.480351758794
0.487989949748744;2.47859296482412;6.68738693467337;9.49623115577889;15.9268341708543;37.6924120603015;102.527638190955
0.47356783919598;2.02934673366834;5.67457286432161;10.2298994974874;16.8401507537688;36.8542211055276;106.121809045226
0.49929648241206;2.51236180904523;5.68035175879397;11.0150251256281;16.9020603015075;33.3708040201005;97.6530653266332
0.49643216080402;2.64477386934673;5.99718592964824;11.1911557788945;17.4494472361809;28.524824120603;79.0936683417085
0.45105527638191;2.53246231155779;6.32316582914573;10.7517085427136;16.6950251256281;35.6872361809045;98.5515075376884
0.447788944723618;2.39195979899498;5.42633165829146;10.7023115577889;17.1344221105528;38.7776884422111;94.6731658291457
0.45105527638191;2.51130653266332;6.09527638190955;10.6266834170854;14.4863819095477;34.662864321608;103.949698492462
0.447788944723618;2.32758793969849;5.10552763819095;11.0331155778894;15.1959798994975;33.4459798994975;113.697236180905
0.502060301507538;2.44979899497487;5.50030150753769;10.8741708542714;16.2162814070352;37.768391959799;105.360753768844
0.491206030150754;2.34969849246231;5.45884422110553;10.5477386934673;17.8427638190955;36.1543216080402;106.769798994975
0.463115577889447;2.70949748743719;6.02165829145729;10.4079899497487;15.6658793969849;35.0930150753769;122.64040201005
0.486231155778894;2.71311557788945;5.69402010050251;10.6970351758794;15.9416582914573;35.1758793969849;103.646984924623
0.492663316582915;2.53140703517588;5.768391959799;10.3579899497487;18.8079899497487;33.5756783919598;97.4791959798995
0.475929648241206;2.59376884422111;6.62030150753769;10.0452261306533;16.8027638190955;34.1780904522613;92.4357286432161
0.487989949748744;2.04522613065327;5.58547738693467;8.54753768844221;18.5244221105528;42.4759296482412;95.6602512562814
0.494020100502513;2.70547738693467;6.70949748743719;11.768391959799;15.3756281407035;37.4009547738693;91.6741708542714
0.48035175879397;2.11412060301508;5.71738693467337;10.0220603015075;15.9218090452261;31.988743718593;92.5687939698493
0.447788944723618;2.26633165829146;5.52638190954774;11.3977889447236;15.2602512562814;28.8209045226131;106.867135678392
0.486231155778894;2.45180904522613;5.52984924623116;10.9505527638191;18.2976884422111;36.3517085427136;95.858040201005
0.494020100502513;2.42206030150754;6.33562814070352;9.57005025125628;18.0863819095477;32.8844221105528;106.447788944724
0.433718592964824;2.68537688442211;6.6508040201005;10.6632663316583;14.9449246231156;34.4836180904523;115.65783919598
0.482412060301508;2.27457286432161;5.40201005025126;9.41326633165829;16.0289447236181;37.9754271356784;99.8785929648241
0.468542713567839;2.40959798994975;5.74226130653266;9.29844221105528;15.8263316582915;35.9097487437186;102.329195979899
0.454221105527638;2.68939698492462;5.6972864321608;9.76758793969849;17.5670351758794;38.8678894472362;98.8960301507538
0.49748743718593;2.49;5.6721608040201;10.6460301507538;16.1037185929648;37.5677889447236;100.096030150754
0.49643216080402;2.4078391959799;5.1505527638191;10.6474371859296;19.5814572864322;38.3706030150754;99.2638693467337
0.460251256281407;2.48743718592965;7.10427135678392;10.8389949748744;13.9553266331658;36.4188944723618;96.0369849246231
0.475929648241206;2.68361809045226;5.31532663316583;10.2389949748744;16.2065829145729;32.8755778894472;113.998793969849
0.486231155778894;2.26633165829146;5.75070351758794;12.004824120603;17.9720603015075;36.6856281407035;104.163015075377
0.440954773869347;2.33361809045226;6.07231155778894;10.6045728643216;13.7324623115578;44.2902010050251;91.5175879396985
0.492663316582915;2.53140703517588;5.15452261306533;10.4721608040201;14.9965326633166;37.4182914572864;89.7362311557789
0.48035175879397;2.73562814070352;4.94793969849246;9.67718592964824;15.4594974874372;31.3064824120603;98.6088442211055
0.50251256281407;2.34045226130653;5.33849246231156;8.57788944723618;15.8534673366834;31.0414070351759;95.1630150753769
0.45105527638191;2.13045226130653;5.30874371859296;9.81628140703518;17.046783919598;33.7575376884422;104.385879396985
0.484371859296482;2.85381909547739;6.16502512562814;10.5141206030151;16.3814572864322;31.8829648241206;98.2470351758794
0.465879396984925;2.45547738693467;5.84844221105528;9.40658291457286;17.6960301507538;34.5386432160804;105.582914572864
0.457286432160804;2.58874371859296;6.06532663316583;9.54994974874372;17.2590954773869;36.2106030150754;101.384874371859
0.49643216080402;2.38371859296482;5.70809045226131;10.2347236180905;17.4601005025126;36.8562311557789;96.325175879397
0.49748743718593;2.44417085427136;6.43939698492462;10.1756783919598;14.6427638190955;35.0065829145729;116.631105527638
0.500050251256281;2.51814070351759;5.3756783919598;10.5161306532663;15.3750753768844;38.8862311557789;102.357336683417
0.463115577889447;2.5213567839196;5.42869346733668;10.1700502512563;15.8986934673367;42.0337185929648;89.838743718593
0.501708542713568;2.7921608040201;5.39979899497487;10.065527638191;17.9023115577889;37.5492964824121;99.9748743718593
0.491206030150754;2.37909547738693;6.6821608040201;9.78768844221105;15.9244221105528;33.3121105527638;113.996180904523
0.475929648241206;2.52819095477387;5.38693467336683;11.9597989949749;14.2009547738693;34.6178894472362;93.4158793969849
0.48964824120603;2.73346733668342;5.318391959799;9.95854271356784;14.8578391959799;41.2269346733668;113.722814070352
0.475929648241206;2.50849246231156;5.0635175879397;9.17768844221106;18.320351758794;35.5801005025126;108.178844221106
0.454221105527638;2.51251256281407;6.11050251256281;9.08537688442211;16.0603015075377;43.8424120603015;100.930854271357
0.494020100502513;2.42085427135678;5.688391959799;10.2775879396985;14.5881407035176;41.0950251256281;107.095025125628
0.49748743718593;2.60180904522613;5.58668341708543;9.16537688442211;17.7881407035176;37.0439698492462;103.098693467337
0.491206030150754;2.48261306532663;5.99793969849246;9.31939698492462;18.0098492462312;43.4367336683417;94.9334170854271
0.502060301507538;2.48743718592965;6.12180904522613;10.0251256281407;13.1545226130653;28.9434673366834;102.909547738693
0.478190954773869;2.05221105527638;4.59693467336683;10.0176381909548;16.0055778894472;32.0611055276382;108.146934673367
0.492663316582915;2.46587939698492;5.76678391959799;10.4289447236181;17.1495477386935;38.751959798995;118.251256281407
0.487989949748744;2.51050251256281;5.86809045226131;11.4329648241206;15.6122613065327;32.4337185929648;98.1466834170854
0.465879396984925;2.59115577889447;5.25105527638191;10.8027638190955;17.0286934673367;35.1388944723618;102.976432160804
0.48035175879397;2.63110552763819;5.72015075376884;10.982864321608;15.046432160804;40.84;83.6437688442211
0.492663316582915;2.5064824120603;5.81628140703518;9.62231155778895;20.6652763819095;34.4142713567839;93.8554773869347
0.465879396984925;2.45020100502513;7.29065326633166;10.1888944723618;13.643216080402;34.1258291457286;113.303316582915
0.49748743718593;2.49241206030151;4.94628140703518;12.321608040201;15.6926633165829;37.061256281407;95.2434170854271
0.468542713567839;2.35130653266332;5.08336683417085;9.9778391959799;17.862864321608;34.8293467336683;104.481155778894
0.478190954773869;2.21829145728643;6.22065326633166;9.5043216080402;16.0514572864322;42.3394974874372;121.093417085427
0.500050251256281;2.53060301507538;5.42909547738693;9.45507537688442;16.7352261306533;35.2598492462312;112.02567839196
0.482412060301508;2.3670351758794;5.78246231155779;9.27793969849246;16.9396984924623;37.4560804020101;104.811256281407
0.49748743718593;2.32758793969849;6.03396984924623;9.89025125628141;17.4052261306533;41.2518090452261;100.018844221106
0.487989949748744;2.39115577889447;6.37381909547739;9.52683417085427;16.018040201005;38.0457788944724;103.532663316583
0.498442211055276;2.72236180904523;5.52557788944724;9.98010050251256;16.9268341708543;32.1884924623116;82.3838693467337
0.478190954773869;2.39391959798995;5.89904522613065;10.0799497487437;12.3921608040201;32.6992964824121;96.984472361809
0.48035175879397;2.5527135678392;4.85824120603015;9.96904522613065;19.2879899497487;32.1608040201005;115.319798994975
0.48964824120603;2.07015075376884;6.41402010050251;10.716783919598;16.2347236180905;34.2062311557789;98.5921608040201
0.460251256281407;2.22231155778894;5.47130653266332;11.1959798994975;14.3754271356784;34.4200502512563;97.0540201005025
0.50070351758794;2.35050251256281;5.40201005025126;11.27391959799;17.4560301507538;34.3630150753769;101.997788944724
0.500050251256281;2.60899497487437;6.29467336683417;9.80256281407035;15.7121105527638;38.9539698492462;109.32743718593
0.494020100502513;2.30547738693467;5.58788944723618;10.0854271356784;17.8347236180905;34.9931658291457;105.371658291457
0.457286432160804;2.27859296482412;6.56964824120603;11.5505527638191;14.7854773869347;34.9024623115578;94.9177889447236
0.484371859296482;2.56060301507538;5.02708542713568;9.98748743718593;17.2256783919598;29.0106030150754;98.1281909547739
0.454221105527638;2.59115577889447;5.928391959799;11.6317085427136;18.2462311557789;37.6879899497487;101.920804020101
0.491206030150754;2.36979899497487;6.2829648241206;11.6200502512563;17.3141206030151;31.6984422110553;94.1768341708543
0.444422110552764;2.22909547738693;5.9613567839196;10.4698994974874;16.3175376884422;32.0960301507538;103.875326633166
0.502311557788945;2.50834170854271;5.83311557788945;12.0590452261307;18.1302010050251;34.76;102.367386934673
0.478190954773869;2.38065326633166;6.07819095477387;9.09341708542714;14.9957788944724;30.0886432160804;93.1569849246231
0.447788944723618;2.87311557788945;5.70849246231156;9.77668341708543;15.7125125628141;40.6319095477387;99.0230653266332
0.494020100502513;2.33386934673367;5.58613065326633;11.0269346733668;17.1416582914573;40.5724120603015;94.0642713567839
0.49929648241206;2.37060301507538;6.15633165829146;9.44140703517588;15.9957788944724;32.4743216080402;98.2188944723618
0.478190954773869;1.99376884422111;5.58748743718593;10.5294472361809;15.9111055276382;36.4296984924623;99.3790954773869
0.468542713567839;2.47859296482412;5.64100502512563;12.1005025125628;15.2713567839196;36.345527638191;100.819296482412
0.447788944723618;2.3291959798995;5.66834170854271;9.74371859296482;17.6719095477387;31.8974371859296;106.018040201005
0.465879396984925;2.46829145728643;6.14894472361809;9.94391959798995;16.7807035175879;34.8444221105528;109.658492462312
0.498442211055276;2.44904522613065;5.64979899497487;10.5205527638191;16.7195477386935;41.6691457286432;90.0564824120603
0.494020100502513;2.44402010050251;5.64819095477387;10.0518090452261;17.8894472361809;32.2246733668342;103.723417085427
0.444422110552764;2.56678391959799;6.14492462311558;11.6944221105528;16.3492964824121;34.7811055276382;90.0615075376884
0.492663316582915;2.42793969849246;5.84316582914573;10.2146231155779;13.0452261306533;39.1507537688442;111.312110552764
0.491206030150754;2.56301507537688;4.77261306532663;10.7208040201005;16.3971859296482;36.4783417085427;110.915376884422
0.500050251256281;2.44402010050251;5.80497487437186;11.0869849246231;15.8504522613065;36.6411557788945;96.9358793969849
0.465879396984925;2.15959798994975;5.26130653266332;11.1549748743719;17.3585929648241;37.1034673366834;104.556984924623
0.486231155778894;2.61306532663317;6.19653266331658;9.72055276381909;18.3668341708543;36.7258291457286;96.3770854271357
0.444422110552764;3.21562814070352;6.26150753768844;10.2789447236181;16.988743718593;33.195527638191;101.933618090452
0.444422110552764;2.48597989949749;5.77266331658291;9.90371859296482;16.1686432160804;36.8417587939699;109.459095477387
0.49748743718593;2.02532663316583;6.15457286432161;9.80256281407035;19.1348743718593;37.1007035175879;105.085226130653
0.486231155778894;2.4078391959799;6.88160804020101;9.90145728643216;16.2065829145729;38.2914572864322;96.1426633165829
0.471105527638191;2.4078391959799;5.82190954773869;9.72015075376885;16.0198994974874;43.4942713567839;88.2391457286432
0.486231155778894;2.33040201005025;5.53145728643216;11.3718592964824;15.5231658291457;30.0373869346734;90.4216582914573
0.498442211055276;2.46105527638191;5.36683417085427;9.99753768844221;15.5979396984925;31.445175879397;101.972060301508
0.457286432160804;2.45020100502513;5.35030150753769;9.20603015075377;13.8379396984925;38.6444221105528;95.9429145728643
0.463115577889447;2.44100502512563;5.22613065326633;8.89201005025126;15.2156281407035;33.3153266331658;107.601959798995
0.47356783919598;2.27090452261307;5.26552763819095;10.8942713567839;16.9961809045226;36.5218090452261;112.642763819095
0.478190954773869;2.60256281407035;5.65381909547739;8.90246231155779;16.0739195979899;34.3017085427136;95.6972361809045
0.502060301507538;2.57160804020101;5.56979899497487;9.40497487437186;16.4610552763819;32.0578391959799;91.0439698492462
0.494020100502513;2.37105527638191;6.27130653266332;10.4108040201005;18.184472361809;34.9736180904523;109.105477386935
0.494020100502513;2.44743718592965;6.33085427135678;9.26050251256281;15.8856281407035;35.1070854271357;96.9801005025126
0.471105527638191;2.34994974874372;6.04175879396985;11.3020603015075;16.0321105527638;37.3837185929648;108.267286432161
0.468542713567839;2.45180904522613;5.88120603015075;12.315527638191;16.5426633165829;41.0812060301508;98.9663819095477
0.487989949748744;2.31110552763819;5.94768844221106;9.62633165829146;16.2110050251256;42.7927135678392;104.158743718593
0.492663316582915;3.0148743718593;6.29542713567839;10.2512060301508;16.5080904522613;41.7358793969849;100.554572864322
0.495276381909548;2.71914572864322;5.40698492462312;9.92964824120603;15.203216080402;35.7931658291457;102.685376884422
0.487989949748744;2.75371859296482;5.54527638190955;9.44221105527638;17.6884422110553;29.0942713567839;96.637135678392
0.48964824120603;2.74246231155779;6.09025125628141;10.3806532663317;17.2253266331658;34.0642713567839;88.5221608040201
0.45105527638191;2.2172864321608;6.09040201005025;11.7113567839196;14.7838693467337;34.0598492462312;95.1356783919598
0.486231155778894;2.42090452261307;5.4148743718593;9.6570351758794;14.587135678392;32.9032663316583;107.314773869347
0.478190954773869;2.51814070351759;5.62090452261307;10.018040201005;15.218040201005;41.4069849246231;95.3547236180904
0.471105527638191;2.25120603015075;5.60482412060302;10.963567839196;14.6162814070352;36.0118592964824;101.28864321608
0.457286432160804;2.43412060301508;5.47613065326633;10.4280904522613;16.6210552763819;39.3105025125628;108.086633165829
0.482412060301508;2.6243216080402;5.84844221105528;10.2166331658291;15.2182914572864;34.3589949748744;109.930452261307
0.501256281407035;2.49804020100503;5.32884422110553;10.126432160804;16.8643216080402;33.8243216080402;116.884422110553
0.502060301507538;2.37969849246231;5.90452261306533;11.05608040201;16.9523115577889;39.1030653266332;95.7462814070352
0.471105527638191;2.43974874371859;5.66386934673367;10.0301005025126;16.0489949748744;35.5665829145729;101.496231155779
0.49748743718593;2.26653266331658;5.42934673366834;10.5925125628141;17.3949246231156;38.134472361809;99.2879899497487
0.444422110552764;2.59115577889447;6.38788944723618;9.94472361809045;15.6582412060302;31.288391959799;109.402211055276
0.501256281407035;2.49201005025126;5.51914572864322;10.9366331658291;14.8731155778894;36.1092964824121;96.8120100502513
0.48964824120603;2.48663316582915;5.50105527638191;12.3553266331658;16.7525125628141;43.4049748743719;98.1957788944724
0.494020100502513;2.75758793969849;5.97869346733668;9.75753768844221;17.3957788944724;35.2946733668342;93.3015075376884
0.475929648241206;2.57844221105528;6.36683417085427;9.44075376884422;14.9145728643216;32.491256281407;93.0311055276382
0.465879396984925;2.47994974874372;5.11276381909548;10.963567839196;19.0893969849246;36.6030150753769;115.218040201005
0.500050251256281;2.20899497487437;6.27010050251256;10.1258291457286;18.1459296482412;31.9291959798995;112.820050251256
0.486231155778894;2.22869346733668;6.37381909547739;10.7525125628141;16.0743216080402;34.8349748743719;113.05648241206
0.482412060301508;2.30306532663317;6.00281407035176;10.572864321608;17.923567839196;40.4773869346734;89.6268844221106
0.433718592964824;2.50125628140704;6.11035175879397;9.64341708542714;16.3597487437186;35.281959798995;108.496683417085
0.47356783919598;2.38065326633166;5.611608040201;10.4369849246231;15.6940201005025;38.8791959798995;91.7265829145729
0.471105527638191;2.64341708542714;5.47492462311558;10.105527638191;17.3161306532663;35.6180904522613;106.536633165829
0.495276381909548;2.37105527638191;6.10331658291457;11.125175879397;17.1915075376884;36.2731658291457;102.299447236181
0.487989949748744;2.35175879396985;6.31879396984925;11.4359296482412;18.6045728643216;35.7738693467337;97.4652763819095
0.447788944723618;1.99879396984925;6.16959798994975;12.4243216080402;15.0882412060302;32.9788442211055;109.728190954774
0.498442211055276;2.4972864321608;5.62231155778894;12.2930150753769;16.2008040201005;40.339648241206;102.534623115578
0.463115577889447;2.20979899497487;5.73060301507538;10.0615075376884;12.5165326633166;31.8414070351759;100.921407035176
0.465879396984925;2.48396984924623;4.83613065326633;8.85301507537688;14.7409045226131;38.0598492462312;111.572864321608
0.491206030150754;2.40075376884422;5.19618090452261;10.182864321608;17.4229145728643;35.5841206030151;105.743718592965
0.495276381909548;2.28723618090452;6.1527135678392;9.04904522613065;15.8590954773869;33.3724120603015;92.1415075376884
0.460251256281407;2.38989949748744;5.33145728643216;9.86125628140704;16.3959296482412;32.1847236180905;96.8182914572864
0.49643216080402;2.55231155778894;5.90954773869347;11.4120603015075;19.048040201005;34.5013065326633;102.92743718593
